[
  { "id": "NBA-001", "canonical": "Atlanta Hawks", "aliases": ["ATL", "Atlanta", "Hawks", "Hotlanta", "ATL Hawks", "The Hawks", "Atlanta GA", "Peach State", "Hawks NBA", "Atla"] },
  { "id": "NBA-002", "canonical": "Boston Celtics", "aliases": ["BOS", "Boston", "Celtics", "C's", "BOS Celtics", "The Celtics", "Shamrocks", "Green Team", "Boston MA", "Beantown"] },
  { "id": "NBA-003", "canonical": "Brooklyn Nets", "aliases": ["BKN", "BK", "Brooklyn", "Nets", "BKN Nets", "The Nets", "NJ Nets", "New Jersey Nets", "Brooklyn NY", "Bklyn"] },
  { "id": "NBA-004", "canonical": "Charlotte Hornets", "aliases": ["CHA", "CHL", "Charlotte", "Hornets", "CHA Hornets", "The Hornets", "Buzz City", "Queen City", "Bobcats", "Charlotte NC"] },
  { "id": "NBA-005", "canonical": "Chicago Bulls", "aliases": ["CHI", "Chicago", "Bulls", "CHI Bulls", "The Bulls", "Chi-Town", "Windy City", "Chicago IL", "Bulls NBA", "Chic"] },
  { "id": "NBA-006", "canonical": "Cleveland Cavaliers", "aliases": ["CLE", "CLV", "Cleveland", "Cavaliers", "Cavs", "CLE Cavs", "The Land", "Wine and Gold", "Cleveland OH", "Clev"] },
  { "id": "NBA-007", "canonical": "Dallas Mavericks", "aliases": ["DAL", "Dallas", "Mavericks", "Mavs", "DAL Mavs", "The Mavericks", "MFFL", "Big D", "Dallas TX", "Dall"] },
  { "id": "NBA-008", "canonical": "Denver Nuggets", "aliases": ["DEN", "Denver", "Nuggets", "DEN Nuggets", "Nugs", "The Nuggets", "Mile High", "Denver CO", "Nuggets NBA", "Denv"] },
  { "id": "NBA-009", "canonical": "Detroit Pistons", "aliases": ["DET", "Detroit", "Pistons", "DET Pistons", "Motor City", "Bad Boys", "The Pistons", "Detroit MI", "Pistons NBA", "D-Town"] },
  { "id": "NBA-010", "canonical": "Golden State Warriors", "aliases": ["GSW", "GS", "Golden State", "Warriors", "Dubs", "GS Warriors", "The Warriors", "Bay Area", "San Francisco", "Oakland"] },
  { "id": "NBA-011", "canonical": "Houston Rockets", "aliases": ["HOU", "HST", "Houston", "Rockets", "HOU Rockets", "The Rockets", "Clutch City", "H-Town", "Houston TX", "Rocks"] },
  { "id": "NBA-012", "canonical": "Indiana Pacers", "aliases": ["IND", "Indiana", "Pacers", "IND Pacers", "The Pacers", "Indy", "Hoosiers", "Indianapolis", "Pacers NBA", "Indy Pacers"] },
  { "id": "NBA-013", "canonical": "LA Clippers", "aliases": ["LAC", "CLIPS", "Clippers", "Los Angeles Clippers", "L.A. Clippers", "LAC Clippers", "The Clippers", "Clips", "LA Clippers", "LAC NBA"] },
  { "id": "NBA-014", "canonical": "Los Angeles Lakers", "aliases": ["LAL", "Lakers", "L.A. Lakers", "Los Angeles Lakers", "LA Lakers", "LAL Lakers", "The Lakers", "Purple and Gold", "Showtime", "Lal"] },
  { "id": "NBA-015", "canonical": "Memphis Grizzlies", "aliases": ["MEM", "Memphis", "Grizzlies", "Grizz", "MEM Grizzlies", "The Grizzlies", "Grind City", "Grit and Grind", "Memphis TN", "Grizzlies NBA"] },
  { "id": "NBA-016", "canonical": "Miami Heat", "aliases": ["MIA", "Miami", "Heat", "MIA Heat", "The Heat", "South Beach", "Vice City", "Miami FL", "Heat NBA", "Heat Culture"] },
  { "id": "NBA-017", "canonical": "Milwaukee Bucks", "aliases": ["MIL", "Milwaukee", "Bucks", "MIL Bucks", "Fear the Deer", "The Bucks", "Brew City", "Milwaukee WI", "Deer", "Bucks NBA"] },
  { "id": "NBA-018", "canonical": "Minnesota Timberwolves", "aliases": ["MIN", "Minnesota", "Timberwolves", "Wolves", "MIN Wolves", "T-Wolves", "The Wolves", "Minnesota MN", "Minny", "Twolves"] },
  { "id": "NBA-019", "canonical": "New Orleans Pelicans", "aliases": ["NOP", "NO", "New Orleans", "Pelicans", "Pels", "NO Pelicans", "The Pelicans", "NOLA", "NOLA Pelicans", "New Orleans LA"] },
  { "id": "NBA-020", "canonical": "New York Knicks", "aliases": ["NYK", "NY", "Knicks", "New York", "Knickerbockers", "NY Knicks", "The Knicks", "MSG", "Big Apple", "New York NY"] },
  { "id": "NBA-021", "canonical": "Oklahoma City Thunder", "aliases": ["OKC", "OK", "Thunder", "OKC Thunder", "The Thunder", "OK City", "Oklahoma City OK", "Loud City", "Thunder NBA", "Okla"] },
  { "id": "NBA-022", "canonical": "Orlando Magic", "aliases": ["ORL", "Orlando", "Magic", "ORL Magic", "The Magic", "O-Town", "Orlando FL", "Disney", "Magic NBA", "Orla"] },
  { "id": "NBA-023", "canonical": "Philadelphia 76ers", "aliases": ["PHI", "PHL", "76ers", "Sixers", "Philadelphia", "PHI Sixers", "The 76ers", "The Process", "Philadelphia PA", "Philly"] },
  { "id": "NBA-024", "canonical": "Phoenix Suns", "aliases": ["PHX", "PHO", "Phoenix", "Suns", "PHX Suns", "The Suns", "Valley", "Phoenix AZ", "Suns NBA", "Phx Suns"] },
  { "id": "NBA-025", "canonical": "Portland Trail Blazers", "aliases": ["POR", "Portland", "Trail Blazers", "Blazers", "Rip City", "POR Blazers", "The Blazers", "Portland OR", "Zers", "Blazers NBA"] },
  { "id": "NBA-026", "canonical": "Sacramento Kings", "aliases": ["SAC", "Sacramento", "Kings", "SAC Kings", "The Kings", "Beam Team", "Light the Beam", "Sacramento CA", "Kings NBA", "Sac"] },
  { "id": "NBA-027", "canonical": "San Antonio Spurs", "aliases": ["SAS", "SA", "San Antonio", "Spurs", "SAS Spurs", "The Spurs", "Alamo City", "San Antonio TX", "Spurs NBA", "S.A. Spurs"] },
  { "id": "NBA-028", "canonical": "Toronto Raptors", "aliases": ["TOR", "Toronto", "Raptors", "Raps", "TOR Raptors", "The Raptors", "The North", "We The North", "Toronto ON", "T-Dot"] },
  { "id": "NBA-029", "canonical": "Utah Jazz", "aliases": ["UTA", "Utah", "Jazz", "UTA Jazz", "The Jazz", "SLC", "Salt Lake City", "Utah UT", "Jazz NBA", "Salt Lake Jazz"] },
  { "id": "NBA-030", "canonical": "Washington Wizards", "aliases": ["WAS", "WSH", "Washington", "Wizards", "WAS Wizards", "The Wizards", "D.C. Wizards", "Bullets", "Washington DC", "Wiz"] }
]
