[
  { "id": "1", "canonical": "Atlanta Falcons", "aliases": ["ATL", "Atlanta", "Falcons", "Dirty Birds", "Falcs", "ATL Falcons", "Atltanta", "ATLANTA FALCONS", "GA Falcons", "The Falcons"] },
  { "id": "2", "canonical": "Buffalo Bills", "aliases": ["BUF", "Buffalo", "Bills", "Bills Mafia", "Buffalo NY", "BUF Bills", "The Bills", "Bflo", "Buff", "BFLO Bills"] },
  { "id": "3", "canonical": "Chicago Bears", "aliases": ["CHI", "Chicago", "Bears", "Monsters of the Midway", "CHI Bears", "Chi-Town", "Da Bears", "Windy City", "The Bears", "Chicago IL"] },
  { "id": "4", "canonical": "Cincinnati Bengals", "aliases": ["CIN", "Cincinnati", "Bengals", "Cincy", "Cincinatti", "CIN Bengals", "Who Dey", "The Bengals", "Ohio Bengals", "Bengs"] },
  { "id": "5", "canonical": "Cleveland Browns", "aliases": ["CLE", "CLV", "Cleveland", "Browns", "Dawg Pound", "CLE Browns", "The Browns", "Cleveland OH", "Clev", "Brownies"] },
  { "id": "6", "canonical": "Dallas Cowboys", "aliases": ["DAL", "Dallas", "Cowboys", "America's Team", "DAL Cowboys", "Big D", "The Cowboys", "Dallas TX", "Cowpokes", "Dall"] },
  { "id": "7", "canonical": "Denver Broncos", "aliases": ["DEN", "Denver", "Broncos", "DEN Broncos", "Mile High", "The Broncos", "Denver CO", "Horses", "Broncs", "Denv"] },
  { "id": "8", "canonical": "Detroit Lions", "aliases": ["DET", "Detroit", "Lions", "DET Lions", "Motor City", "The Lions", "Detroit MI", "Honolulu Blue", "Leos", "D-Town"] },
  { "id": "9", "canonical": "Green Bay Packers", "aliases": ["GB", "Packers", "Green Bay", "The Pack", "GB Packers", "Cheeseheads", "G.B.", "The Packers", "Greenbay", "Pack"] },
  { "id": "10", "canonical": "Tennessee Titans", "aliases": ["TEN", "Tennessee", "Titans", "TEN Titans", "Nashville", "Music City", "The Titans", "Tenn", "Titans NFL", "Titans FB"] },
  { "id": "11", "canonical": "Indianapolis Colts", "aliases": ["IND", "Indianapolis", "Colts", "IND Colts", "Indy", "The Colts", "Indy Colts", "Colts NFL", "Naptown", "Indianapolis IN"] },
  { "id": "12", "canonical": "Kansas City Chiefs", "aliases": ["KC", "Chiefs", "Kansas City", "KC Chiefs", "Kingdom", "K.C.", "The Chiefs", "K.C. Chiefs", "Chiefs NFL", "K-City"] },
  { "id": "13", "canonical": "Las Vegas Raiders", "aliases": ["LV", "OAK", "Raiders", "Las Vegas", "Oakland", "LV Raiders", "The Raiders", "Silver and Black", "Raider Nation", "Oakland Raiders"] },
  { "id": "14", "canonical": "Los Angeles Rams", "aliases": ["LAR", "LA", "Rams", "L.A. Rams", "Los Angeles", "LAR Rams", "LA Rams", "St. Louis", "St. Louis Rams", "The Rams"] },
  { "id": "15", "canonical": "Miami Dolphins", "aliases": ["MIA", "Miami", "Dolphins", "MIA Dolphins", "Fins", "The Dolphins", "Miami FL", "Phins", "South Beach", "Dolp"] },
  { "id": "16", "canonical": "Minnesota Vikings", "aliases": ["MIN", "Minnesota", "Vikings", "MIN Vikings", "Vikes", "The Vikings", "Skol", "Purple People Eaters", "Minnesota MN", "Vik"] },
  { "id": "17", "canonical": "New England Patriots", "aliases": ["NE", "New England", "Patriots", "Pats", "NE Patriots", "Foxboro", "The Patriots", "New Eng", "Patriots NFL", "N.E. Pats"] },
  { "id": "18", "canonical": "New Orleans Saints", "aliases": ["NO", "New Orleans", "Saints", "NOLA", "NO Saints", "Who Dat", "The Saints", "N.O.", "Big Easy", "N. Orleans"] },
  { "id": "19", "canonical": "New York Giants", "aliases": ["NYG", "Giants", "NY Giants", "G-Men", "Big Blue", "New York Giants", "The Giants", "N.Y.G.", "MetLife", "NY Giants NFL"] },
  { "id": "20", "canonical": "New York Jets", "aliases": ["NYJ", "Jets", "NY Jets", "Gang Green", "New York Jets", "The Jets", "N.Y.J.", "J-E-T-S", "Jet", "Green and White"] },
  { "id": "21", "canonical": "Philadelphia Eagles", "aliases": ["PHI", "Philadelphia", "Eagles", "PHI Eagles", "Birds", "The Eagles", "Philly", "Fly Eagles Fly", "Philadelphia PA", "Iggles"] },
  { "id": "22", "canonical": "Arizona Cardinals", "aliases": ["ARI", "ARZ", "Arizona", "Cardinals", "ARI Cardinals", "Cards", "The Cardinals", "Phoenix", "Phoenix Cardinals", "Ariz"] },
  { "id": "23", "canonical": "Pittsburgh Steelers", "aliases": ["PIT", "Pittsburgh", "Steelers", "Steel City", "PIT Steelers", "The Steelers", "Pittsburgh PA", "Black and Gold", "Steel", "Stlr"] },
  { "id": "24", "canonical": "Los Angeles Chargers", "aliases": ["LAC", "SD", "Chargers", "L.A. Chargers", "San Diego", "San Diego Chargers", "LAC Chargers", "The Chargers", "Bolts", "LA Chargers"] },
  { "id": "25", "canonical": "San Francisco 49ers", "aliases": ["SF", "49ers", "San Francisco", "Niners", "SF 49ers", "The 49ers", "San Fran", "Bay Area", "S.F. 49ers", "The Niners"] },
  { "id": "26", "canonical": "Seattle Seahawks", "aliases": ["SEA", "Seattle", "Seahawks", "Legion of Boom", "12s", "The Seahawks", "SEA Seahawks", "Seattle WA", "Hawks", "Seahawk"] },
  { "id": "27", "canonical": "Tampa Bay Buccaneers", "aliases": ["TB", "Buccaneers", "Tampa Bay", "Bucs", "TB Bucs", "The Buccaneers", "Tampa", "Bucs NFL", "Pirates", "TB Buccaneers"] },
  { "id": "28", "canonical": "Washington Commanders", "aliases": ["WSH", "WAS", "Washington", "Commanders", "WSH Commanders", "Skins", "Redskins", "The Commanders", "Football Team", "DC Commanders"] },
  { "id": "29", "canonical": "Carolina Panthers", "aliases": ["CAR", "Carolina", "Panthers", "CAR Panthers", "Keep Pounding", "The Panthers", "Charlotte", "Charlotte NC", "Panth", "C. Panthers"] },
  { "id": "30", "canonical": "Jacksonville Jaguars", "aliases": ["JAX", "Jacksonville", "Jaguars", "Jags", "JAX Jaguars", "The Jaguars", "Duval", "Jax FL", "Jags NFL", "Jacksonville FL"] },
  { "id": "33", "canonical": "Baltimore Ravens", "aliases": ["BAL", "BLT", "Baltimore", "Ravens", "BAL Ravens", "The Ravens", "Birdland", "Purple Pain", "Baltimore MD", "Ravs"] },
  { "id": "34", "canonical": "Houston Texans", "aliases": ["HOU", "HST", "Houston", "Texans", "HOU Texans", "The Texans", "H-Town", "Houston TX", "Texs", "Houst"] }
]
