[
  { "id": "NHL-001", "canonical": "Anaheim Ducks", "aliases": ["ANA", "Anaheim", "Ducks", "ANA Ducks", "The Ducks", "Mighty Ducks", "Anaheim CA", "Ducks NHL", "Quacks", "Ana"] },
  { "id": "NHL-002", "canonical": "Arizona Coyotes", "aliases": ["ARI", "ARZ", "PHX", "Arizona", "Coyotes", "Yotes", "Arizona Coyotes", "The Coyotes", "Phoenix Coyotes", "Utah Hockey Club"] },
  { "id": "NHL-003", "canonical": "Boston Bruins", "aliases": ["BOS", "Boston", "Bruins", "B-s", "The Bruins", "Boston MA", "Bruins NHL", "Beantown", "Big Bad Bruins", "Bost"] },
  { "id": "NHL-004", "canonical": "Buffalo Sabres", "aliases": ["BUF", "Buffalo", "Sabres", "BUF Sabres", "The Sabres", "Buffalo NY", "Sabres NHL", "Buff", "Bflo", "Blue and Gold"] },
  { "id": "NHL-005", "canonical": "Calgary Flames", "aliases": ["CGY", "Calgary", "Flames", "CGY Flames", "The Flames", "Calgary AB", "Flames NHL", "C-of-Red", "Cowtown", "Calg"] },
  { "id": "NHL-006", "canonical": "Carolina Hurricanes", "aliases": ["CAR", "Carolina", "Hurricanes", "Canes", "The Canes", "The Hurricanes", "CAR Canes", "Raleigh", "Carolina NC", "Caro"] },
  { "id": "NHL-007", "canonical": "Chicago Blackhawks", "aliases": ["CHI", "Chicago", "Blackhawks", "Hawks", "CHI Hawks", "The Blackhawks", "Chi-Town", "Windy City", "Chicago IL", "Chic"] },
  { "id": "NHL-008", "canonical": "Colorado Avalanche", "aliases": ["COL", "Colorado", "Avalanche", "Avs", "The Avs", "The Avalanche", "COL Avs", "Denver", "Colorado CO", "Colo"] },
  { "id": "NHL-009", "canonical": "Columbus Blue Jackets", "aliases": ["CBJ", "Columbus", "Blue Jackets", "Jackets", "CBJ Jackets", "The Blue Jackets", "Columbus OH", "Jackets NHL", "Lumbus", "Colu"] },
  { "id": "NHL-010", "canonical": "Dallas Stars", "aliases": ["DAL", "Dallas", "Stars", "DAL Stars", "The Stars", "Big D", "Dallas TX", "Stars NHL", "Victory Green", "Dall"] },
  { "id": "NHL-011", "canonical": "Detroit Red Wings", "aliases": ["DET", "Detroit", "Red Wings", "Wings", "DET Wings", "The Red Wings", "Hockeytown", "Motor City", "Detroit MI", "Detr"] },
  { "id": "NHL-012", "canonical": "Edmonton Oilers", "aliases": ["EDM", "Edmonton", "Oilers", "EDM Oilers", "The Oilers", "Oil Country", "Edmonton AB", "Oil", "Oilers NHL", "Edmo"] },
  { "id": "NHL-013", "canonical": "Florida Panthers", "aliases": ["FLA", "Florida", "Panthers", "Cats", "The Panthers", "FLA Cats", "Sunrise", "Florida FL", "Panthers NHL", "Flor"] },
  { "id": "NHL-014", "canonical": "Los Angeles Kings", "aliases": ["LAK", "LA", "Kings", "LA Kings", "LAK Kings", "The Kings", "L.A. Kings", "Los Angeles CA", "Kings NHL", "LosA"] },
  { "id": "NHL-015", "canonical": "Minnesota Wild", "aliases": ["MIN", "Minnesota", "Wild", "MIN Wild", "The Wild", "State of Hockey", "Minnesota MN", "Wild NHL", "Minny", "Minn"] },
  { "id": "NHL-016", "canonical": "Montreal Canadiens", "aliases": ["MTL", "MON", "Montreal", "Canadiens", "Habs", "Les Habitants", "Montreal QC", "The Canadiens", "Habs NHL", "Mont"] },
  { "id": "NHL-017", "canonical": "Nashville Predators", "aliases": ["NSH", "Nashville", "Predators", "Preds", "NSH Preds", "The Predators", "Smashville", "Music City", "Nashville TN", "Nash"] },
  { "id": "NHL-018", "canonical": "New Jersey Devils", "aliases": ["NJD", "NJ", "New Jersey", "Devils", "NJD Devils", "The Devils", "Jersey", "New Jersey NJ", "Devs", "N.J. Devils"] },
  { "id": "NHL-019", "canonical": "New York Islanders", "aliases": ["NYI", "Islanders", "NY Islanders", "Isles", "The Isles", "The Islanders", "Long Island", "NYI Isles", "Islanders NHL", "N.Y. Islanders"] },
  { "id": "NHL-020", "canonical": "New York Rangers", "aliases": ["NYR", "Rangers", "NY Rangers", "Blueshirts", "The Rangers", "Rags", "Broadway Blueshirts", "MSG", "NYR Rangers", "N.Y. Rangers"] },
  { "id": "NHL-021", "canonical": "Ottawa Senators", "aliases": ["OTT", "Ottawa", "Senators", "Sens", "OTT Sens", "The Senators", "Ottawa ON", "Sens NHL", "Ottaw", "Otta"] },
  { "id": "NHL-022", "canonical": "Philadelphia Flyers", "aliases": ["PHI", "PHL", "Philadelphia", "Flyers", "PHI Flyers", "The Flyers", "Broad Street Bullies", "Philly", "Philadelphia PA", "Phil"] },
  { "id": "NHL-023", "canonical": "Pittsburgh Penguins", "aliases": ["PIT", "Pittsburgh", "Penguins", "Pens", "PIT Pens", "The Penguins", "Steel City", "Pittsburgh PA", "Pens NHL", "Pitt"] },
  { "id": "NHL-024", "canonical": "San Jose Sharks", "aliases": ["SJS", "SJ", "San Jose", "Sharks", "SJS Sharks", "The Sharks", "Team Teal", "San Jose CA", "Sharks NHL", "Sanj"] },
  { "id": "NHL-025", "canonical": "Seattle Kraken", "aliases": ["SEA", "Seattle", "Kraken", "The Kraken", "SEA Kraken", "Release the Kraken", "Seattle WA", "Kraken NHL", "Seat", "Krak"] },
  { "id": "NHL-026", "canonical": "St. Louis Blues", "aliases": ["STL", "St. Louis", "Blues", "STL Blues", "The Blues", "Note", "St Louis", "St. Louis MO", "Blues NHL", "StL"] },
  { "id": "NHL-027", "canonical": "Tampa Bay Lightning", "aliases": ["TBL", "TB", "Tampa Bay", "Lightning", "Bolts", "The Bolts", "The Lightning", "Tampa", "TBL Bolts", "Tampa FL"] },
  { "id": "NHL-028", "canonical": "Toronto Maple Leafs", "aliases": ["TOR", "Toronto", "Maple Leafs", "Leafs", "The Leafs", "TOR Leafs", "Buds", "Toronto ON", "TML", "MapleLeafs"] },
  { "id": "NHL-029", "canonical": "Vancouver Canucks", "aliases": ["VAN", "Vancouver", "Canucks", "Nucks", "VAN Canucks", "The Canucks", "Vancouver BC", "Canucks NHL", "Vanc", "Van"] },
  { "id": "NHL-030", "canonical": "Vegas Golden Knights", "aliases": ["VGK", "LV", "Vegas", "Golden Knights", "Knights", "VGK Knights", "The Golden Knights", "Las Vegas", "Vegas NHL", "Vgk"] },
  { "id": "NHL-031", "canonical": "Washington Capitals", "aliases": ["WSH", "WAS", "Washington", "Capitals", "Caps", "The Caps", "The Capitals", "DC Capitals", "Washington DC", "Wsh"] },
  { "id": "NHL-032", "canonical": "Winnipeg Jets", "aliases": ["WPG", "Winnipeg", "Jets", "WPG Jets", "The Jets", "Winnipeg MB", "Jets NHL", "Winnie", "Winn", "Wpg"] }
]
